ID,Zone Name,Sub Category,Trigger Name,IsBuiltIn,
45,Tirisfal Glades,Portals,To Scarlet Monastery Graveyard,1,
71,Westfall,Inns,Sentinel Hill Inn,1,
78,Westfall,Portals,To Deadmines,1,
84,Eastern Kingdoms,UNKNOWN,UNNAMED,1,
87,Elwynn Forest,Quests,Jasperlode Mine 1,1,
88,Elwynn Forest,Quests,Fargodeep Mine 1,1,
97,Dun Morogh,Quests,Frostmane Hold 1,1,
98,Stranglethorn Vale,Quests,Nesingwary's Expedition,1,
100,Tirisfal Glades,Quests,Night's Web Hollow,1,
101,Elwynn Forest,Portals,To Stockades,1,
107,Elwynn Forest,Portals,To Prison,1,
145,Silverpine Forest,Portals,To Shadowfang Keep,1,
168,Dun Morogh,Quests,Frostmane Hold 2,1,
169,Dun Morogh,Quests,Frostmane Hold 3,1,
171,Loch Modan,Quests,The Loch,1,
173,Silverpine Forest,Quests,The Dead Field,1,
175,Wetlands,Quests,Dun Algaz,1,
178,Alterac Mountains,Quests,Strahnbrad,1,
196,Stranglethorn Vale,Quests,The Savage Coast,1,
197,Elwynn Forest,Quests,Fargodeep Mine 2,1,
284,Stormwind,Quests,Old Town 1,1,
286,Badlands,Portals,To Uldaman,1,
324,Dun Morogh,Portals,To Gnomeregan,1,
342,Elwynn Forest,Quests,Jasperlode Mine 2,1,
362,Swamp of Sorrows,Quests,Pool of Tears,1,
382,Stormwind,Quests,Old Town 2,1,
446,Swamp of Sorrows,Portals,To the Temple of Atal'Hakkar,1,
482,Redridge Mountains,Quests,Rethban Caves,1,
523,Dun Morogh,Portals,To Gnomeregan Backdoor,1,
562,Elwynn Forest,Inns,Lion's Pride Inn,1,
610,Tirisfal Glades,Portals,To Scarlet Monastery - Cathedral,1,
612,Tirisfal Glades,Portals,To Scarlet Monastery - Armory,1,
614,Tirisfal Glades,Portals,To Scarlet Monastery - Library,1,
682,Redridge Mountains,Inns,Lakeshire Inn,1,
702,Stormwind,Portals,Wizard's Sanctum 1,1,
704,Stormwind,Portals,To Wizard's Sanctum 1,1,
707,Duskwood,Inns,Scarlet Raven Tavern,1,
708,Hillbrad Foothills,Inns,Southshore Inn,1,
710,Dun Morogh,Inns,Thunderbrew Distillery,1,
712,Loch Modan,Inns,Stoutlager Inn,1,
713,Wetlands,Inns,Deepwater Tavern,1,
719,Tirisfal Glades,Inns,Brill Inn,1,
720,Silverpine Forest,Inns,The Sepulcher,1,
721,Hillbrad Foothills,Inns,Tarren Mill Inn,1,
802,Wetlands,Quests,Menethil Harbor 1,1,
803,Wetlands,Quests,Menethil Harbor 2,1,
844,Swamp of Sorrows,Inns,Stonard Inn,1,
862,Stranglethorn Vale,Inns,The Salty Sailor Tavern,1,
902,Badlands,Portals,To Uldaman Backdoor,1,
1042,The Hinterlands,Inns,Wildhammer Keep,1,
1103,Stranglethorn Vale,Portals,To Gnomeregan,1,
1104,Dun Morogh,Portals,To Stranglethorn Vale,1,
1125,Stormwind,Quests,Cathedral of Light,1,
1205,The Hinterlands,Quests,The Altar of Zul,1,
1426,Blasted Lands,Rise of the Defiler,West,1,
1427,Blasted Lands,Rise of the Defiler,North,1,
1428,Blasted Lands,Rise of the Defiler,East,1,
1429,Blasted Lands,Rise of the Defiler,South,1,
1446,Blasted Lands,Rise of the Defiler,Hilltop,1,
1466,Blackrock Mountain,Portals,To Blackrock Depths,1,
1468,Blackrock Mountain,Portals,To Blackrock Spire,1,
1506,Burning Steppes,Quests,Dreadmaul Rock,1,
1606,Badlands,Inns,Kargath Inn,1,
1646,Arathi Highlands,Inns,Hammerfall Inn,1,
2146,Eastern Kingdoms,UNKNOWN,UNNAMED,1,
2173,Stormwind,Portals,To Deeprum Tram,1,
2175,Ironforge,Portals,To Deeprum Tram,1,
2214,Eastern Plaguelands,Portals,Stratholme Eastwall Gate,1,
2216,Eastern Plaguelands,Portals,Stratholme Main North East,1,
2217,Eastern Plaguelands,Portals,Stratholme Main South West,1,
2246,Western Plaguelands,Quests,Felstone Field 1,1,
2248,Western Plaguelands,Quests,Dalson's Tears 1,1,
2250,Western Plaguelands,Quests,The Writhing Haunt 1,1,
2252,Western Plaguelands,Quests,Gahrron's Withering 1,1,
2387,Swamp of Sorrows,Quests,Fallow Sanctuary,1,
2412,Alterac Mountains,Portals,To Alterac Valley Alliance,1,
2413,Alterac Mountains,Portals,To Alterac Valley Horde,1,
2567,Western Plaguelands,Portals,To Scholomance,1,
2626,Western Plaguelands,Quests,Felstone Field 2,1,
2627,Western Plaguelands,Quests,Felstone Field 3,1,
2628,Western Plaguelands,Quests,Felstone Field 4,1,
2629,Western Plaguelands,Quests,Dalson's Tears 2,1,
2630,Western Plaguelands,Quests,Dalson's Tears 3,1,
2631,Western Plaguelands,Quests,Dalson's Tears 4,1,
2632,Western Plaguelands,Quests,The Writhing Haunt 2,1,
2633,Western Plaguelands,Quests,The Writhing Haunt 3,1,
2634,Western Plaguelands,Quests,The Writhing Haunt 4,1,
2635,Western Plaguelands,Quests,Gahrron's Withering 2,1,
2636,Western Plaguelands,Quests,Gahrron's Withering 3,1,
2637,Western Plaguelands,Quests,Gahrron's Withering 4,1,
2647,Western Plaguelands,Quests,Hearthglen Tower 1,1,
2706,Eastern Plaguelands,Quests,Terrorweb Tunnel South,1,
2707,Eastern Plaguelands,Quests,Terrorweb Tunnel North,1,
2726,Eastern Plaguelands,Quests,The Marris Stead,1,
2746,Stormwind,UNKNOWN,Trade District,1,
2786,Stormwind,UNKNOWN,Valley of Heroes 1,1,
3066,Alterac Mountains,Quests,Ravenholdt Manor Cave,1,
3106,Alterac Mountains,Quests,Ravenholdt Manor Field,1,
3366,Western Plaguelands,Quests,Hearthglen Tower 2,1,
3367,Western Plaguelands,Quests,Hearthglen Tower 3,1,
3528,Blackrock Mountain,Portals,To Molten Core Window,1,
3529,Blackrock Mountain,Portals,To Molten Core Drop,1,
3530,Stormwind,Quests,Stormwind Keep,1,
3547,Undercity,Quests,Throne Room,1,
3548,Loch Modan,Quests,Stonewrought Dam,1,
3552,Westfall,Quests,Westfall Lighthouse,1,
3606,Blackrock Mountain,Portals,To Molten Core Lava,1,
3690,The Hinterlands,Inns,Raventusk Village Inn,1,
3847,Blackrock Mountain,Portals,To Blackwing Lair,1,
3886,Stranglethorn Vale,Inns,Grom'gol Base Camp Inn,1,
3928,Stranglethorn Vale,Portals,To Zul'Gurub,1,
3953,Arathi Highlands,Portals,To Arathi Basin Alliance,1,
3954,Arathi Highlands,Portals,To Arathi Basin Horde,1,
3991,Tirisfal Glades,Quests,To Silverpine Forest,1,
4017,Duskwood,Quests,Twilight Grove,1,
4026,Dun Morogh,UNKNOWN,Ironforge Gates,1,
4028,Tirisfal Glades,Events,Zepplin Tower,1,
4029,Stranglethorn Vale,Events,Booty Bay,1,
4030,Wetlands,Events,Menethil Harbor 3,1,
4032,Stormwind,Events,Trade District 2,1,
4058,Eastern Plaguelands,Inns,Light's Hope Chapel,1,
4092,Elwynn Forest,UNKNOWN,Elwynn Forest 1,1,
4094,Elwynn Forest,UNKNOWN,Elwynn Forest 2,1,
4095,Elwynn Forest,UNKNOWN,Elwynn Forest 3,1,
4096,Elwynn Forest,UNKNOWN,Elwynn Forest 4,1,
4098,Dun Morogh,UNKNOWN,Dun Morogh 1,1,
4099,Dun Morogh,UNKNOWN,Dun Morogh 2,1,
4100,Tirisfal Glades,UNKNOWN,UNNAMED,1,
4131,Deadwind Pass,Portals,To Karazhan,1,
4135,Deadwind Pass,Portals,To Karazhan Upper,1,
4189,Undercity,Quests,Mage Quarters,1,
4294,Eastern Plaguelands,Quests,Eastwall Tower,1,
4354,Blasted Lands,Portals,To Outland,1,
4409,Eastern Plaguelands,Portals,To Ghostlands,1,
4712,Dun Morogh,UNKNOWN,Dun Morogh 3,1,
4715,Dun Morogh,UNKNOWN,Dun Morogh 4,1,
4716,Dun Morogh,UNKNOWN,Dun Morogh 5,1,
4718,Dun Morogh,UNKNOWN,Dun Morogh 6,1,
4733,Stormwind,Portals,To Wizard's Sanctum 2,1,
4734,Stormwind,Portals,Wizard's Sanctum 2,1,
4769,Ironforge,Quests,The Commons,1,
4770,Ironforge,Quests,Hall of Explorers,1,
4772,Ironforge,Quests,The Military Ward,1,
4774,Ironforge,Quests,The Mystic Ward,1,
4786,Dun Morogh,UNKNOWN,Kharanos 1,1,
4787,Dun Morogh,UNKNOWN,Dun Morogh 7,1,
4788,Dun Morogh,UNKNOWN,Kharanos 2,1,
4789,Dun Morogh,UNKNOWN,Dun Morogh 8,1,
4820,Dun Morogh,UNKNOWN,Dun Morogh 9,1,
4990,Silverpine Forest,Quests,Silverpine Forest,1,
5127,Eastern Plaguelands,UNKNOWN,Death's Breach Bottom West,1,
5128,Eastern Plaguelands,UNKNOWN,Death's Breach Top Upper West,1,
5129,Eastern Plaguelands,UNKNOWN,Death's Breach Bottom South,1,
5130,Eastern Plaguelands,UNKNOWN,Death's Breach Top Upper South,1,
5131,Eastern Plaguelands,UNKNOWN,Death's Breach Bottom North,1,
5132,Eastern Plaguelands,UNKNOWN,Death's Breach Top Upper North,1,
5133,Eastern Plaguelands,UNKNOWN,Death's Breach Bottom East,1,
5134,Eastern Plaguelands,UNKNOWN,Death's Breach Top Upper East,1,
5135,Eastern Plaguelands,UNKNOWN,Death's Breach Top Lower South West,1,
5136,Eastern Plaguelands,UNKNOWN,Death's Breach Top Lower North West,1,
5137,Eastern Plaguelands,UNKNOWN,Death's Breach Top Lower South East,1,
5138,Eastern Plaguelands,UNKNOWN,Death's Breach Top Lower North East,1,
5537,Undercity,Quests,Royal Quarters 1,1,
5538,Undercity,Quests,Royal Quarters 2,1,
5703,Elwynn Forest,UNKNOWN,Elwynn Forest 5,1,
5704,Stormwind,World,Trade District Mailbox,1,
5710,Stormwind,World,Trade District Bank,1,
5711,Stormwind,World,Trade District Auction House,1,
5712,Stormwind,World,Trade District Barber Shop,1,
5807,Dun Morogh,UNKNOWN,Gnomeregan Elevator,1,
5827,Elwynn Forest,UNKNOWN,Mirror Lake Orchard,1,
5828,Stormwind,Quests,Valley of Heroes 2,1,
5829,Elwynn Forest,Quests,Westbrook Garrison,1,
5830,Elwynn Forest,Quests,Goldshire,1,
5831,Stormwind,Quests,Stormwind Harbor,1,
205,Mulgore,Quests,Venture Co. Mine Entrance,1,
216,Barrens,Quests,Forgotten Pools,1,
217,Teldrassil,Quests,Shadowglen Moonwell,1,
218,Teldrassil,Quests,Starbreeze Village Moonwell,1,
219,Teldrassil,Quests,Pools of Arlithrien Moonwell,1,
220,Teldrassil,Quests,Oracle Glade Moonwell,1,
223,Darkshore,Quests,The Master's Glaive 1,1,
224,Darkshore,Quests,The Master's Glaive 2,1,
225,Darkshore,Quests,The Master's Glaive 3,1,
228,Barrens,Portals,To Wailing Caverns,1,
230,Darkshore,Quests,Bashal'Aran,1,
231,Darkshore,Quests,Furbolg Camp,1,
232,Darkshore,Quests,Furbolg Camp,1,
233,Darkshore,Quests,Furbolg Camp 2,1,
234,Darkshore,Quests,Blackwood Den 1,1,
235,Darkshore,Quests,Blackwood Den 2,1,
236,Darkshore,Quests,Blackwood Den 3,1,
237,Darkshore,Quests,Blackwood Den 4,1,
238,Darkshore,Quests,Furbolg Camp North,1,
239,Ashenvale,Quests,Zoram Strand,1,
244,Barrens,Portals,To Razorfen Kraul,1,
246,Thousand Needles,Quests,Test of Faith Top,1,
257,Darkshore,Portals,To Blackfathom,1,
302,Dustwallow,Quests,Sentry Point,1,
303,Dustwallow,UNKNOWN,UNNAMED,1,
422,Desolace,Quests,Destroyed Caravan,1,
442,Barrens,Portals,To Razorfen Downs,1,
522,Barrens,Quests,Fray Island,1,
527,Darnassus,Portals,To Rutheran Village,1,
542,Rutheran Village,Portals,To Darnassus,1,
709,Dustwallow Marsh,Inns,Theramore Inn,1,
715,Teldrassil,Inns,Dolanaar Inn,1,
716,Darkshore,Inns,Auberdine Inn,1,
717,Ashenvale,Inns,Astranaar Inn,1,
722,Mulgore,Inns,Bloodhoof Village Inn,1,
742,Barrens,Inns,Crossroads Inn,1,
743,Barrens,Inns,Ratchet Inn,1,
843,Durotar,Inns,Razor Hill Inn,1,
924,Tanaris,Portals,To Zul'Farrak,1,
942,Thousand Needles,Quests,Test of Faith Bottom 1,1,
943,Thousand Needles,Quests,Test of Faith Bottom 2,1,
944,Thousand Needles,Quests,Test of Faith Bottom 3,1,
982,Barrens,Inns,Camp Taurajo Inn,1,
1022,Stonetalon Mountains,Inns,Sun Rock Retreat Inn,1,
1023,Tanaris,Inns,Gadgetzan Inn,1,
1024,Feralas,Inns,Feathermoon Inn,1,
1025,Feralas,Inns,Camp Mojache Inn,1,
1387,Azshara,Quests,Thalassian Base Camp 1,1,
1388,Azshara,Quests,Thalassian Base Camp 2,1,
1667,Dustwallow,Quests,Sentry Point 2,1,
1726,Un'Goro Crater,Quests,Venomhide Eggs 1,1,
1727,Un'Goro Crater,Quests,Venomhide Eggs 2,1,
1728,Un'Goro Crater,Quests,Venomhide Eggs 3,1,
1729,Un'Goro Crater,Quests,Venomhide Eggs 4,1,
1730,Un'Goro Crater,Quests,Venomhide Eggs 5,1,
1731,Un'Goro Crater,Quests,Venomhide Eggs 6,1,
1732,Un'Goro Crater,Quests,Venomhide Eggs 7,1,
1733,Un'Goro Crater,Quests,Venomhide Eggs 8,1,
1734,Un'Goro Crater,Quests,Venomhide Eggs 9,1,
1735,Un'Goro Crater,Quests,Venomhide Eggs 10,1,
1736,Un'Goro Crater,Quests,Venomhide Eggs 11,1,
1737,Un'Goro Crater,Quests,Venomhide Eggs 12,1,
1738,Un'Goro Crater,Quests,Venomhide Eggs 13,1,
1739,Un'Goro Crater,Quests,Venomhide Eggs 14,1,
1740,Un'Goro Crater,Quests,Venomhide Eggs 15,1,
1766,Un'Goro Crater,Quests,Venomhide Eggs 16,1,
1906,Darkshore,Quests,Furbolg Camp North 2,1,
1966,Darkshore,Quests,Murloc Camp,1,
2206,Felwood,Quests,Shatter Scar Vale 1,1,
2207,Felwood,Quests,Shatter Scar Vale 2,1,
2208,Felwood,Quests,Shatter Scar Vale 3,1,
2211,Winterspring,Portals,To Cavern,1,
2213,Winterspring,Portals,To Mountain,1,
2230,Orgrimmar,Portals,To Ragefire Chasm,1,
2266,Desolace,Inns,Nijel's Point Inn,1,
2267,Desolace,Inns,Shadowprey Village Inn,1,
2286,Thousand Needles,Inns,Freewind Post Inn,1,
2287,Winterspring,Inns,Everlook Inn,1,
2327,Winterspring,Quests,Darkwhisper Gorge,1,
2486,Darkshore,Quests,Red Crystal,1,
2610,Ashenvale,Inns,Splintertree Post Inn,1,
2848,Dustwallow,Portals,To Onyxia's Lair,1,
2926,Ashenvale,Quests,Mystral Lake,1,
2946,Stonetalon Mountains,Quests,Boulderslide Cavern,1,
3133,Desolace,Portals,To Maraudon Orange,1,
3134,Desolace,Portals,To Maraudon Purple,1,
3146,Silithus,Quests,Southwind Village Tower,1,
3183,Feralas,Portals,To Dire Maul East,1,
3184,Feralas,Portals,To Dire Maul East 2,1,
3185,Feralas,Portals,To Dire Maul Library,1,
3186,Feralas,Portals,To Dire Maul West,1,
3187,Feralas,Portals,To Dire Maul West 2,1,
3189,Feralas,Portals,To Dire Maul North,1,
3546,Darnassus,Quests,Bank,1,
3549,Barrens,Quests,To Ashenvale,1,
3550,Barrens,Quests,Ratchet,1,
3551,Barrens,Quests,Ratchet Pier,1,
3586,Felwood,Quests,Irontree Woods,1,
3587,Kalimdor,Quests,Irontree Woods 2,1,
3650,Ashenvale,Portals,To Warsong Guilch Alliance,1,
3654,Barrens,Portals,To Warsong Guilch Horde,1,
3985,Silithus,Inns,Cenarion Hold Inn,1,
3986,Tanaris,Quests,Caverns of Time Entrance,1,
4008,Silithus,Portals,To Ruins of Ahn'Qiraj,1,
4010,Silithus,Portals,To Ahn'Qiraj Temple,1,
4015,Winterspring,Quests,AQ Opening,1,
4027,Durotar,Events,Winter Veil Thingy,1,
4031,Tanaris,Quests,Outside Gadgetzan,1,
4085,Winterspring,Quests,Frostsaber Rock,1,
4090,Stonetalon Mountains,Inns,Stonetalon Peak Inn,1,
4101,Durotar,UNKNOWN,UNNAMED,1,
4102,Durotar,UNKNOWN,UNNAMED,1,
4103,Mulgore,UNKNOWN,UNNAMED,1,
4104,Teldrassil,UNKNOWN,UNNAMED,1,
4105,Teldrassil,UNKNOWN,UNNAMED,1,
4162,Silithus,PVP,Alliance Silithyst Dropoff,1,
4168,Silithus,PVP,Horde Silithyst Dropoff,1,
4299,Silithus,Quests,UNNAMED,1,
4319,Cavenrs of Time,Portals,To Hyjal,1,
4320,Cavenrs of Time,Portals,To Black Morass,1,
4321,Cavenrs of Time,Portals,To Hillsbrad Foothills,1,
4666,Azshara,Quests,Southfury River 1,1,
4667,Azshara,Quests,Southfury River 2,1,
4670,Azshara,Quests,Southfury River 3,1,
4671,Azshara,Quests,Southfury River 4,1,
4672,Azshara,Quests,Southfury River 5,1,
4673,Azshara,Quests,Southfury River 6,1,
4680,Barrens,UNKNWON,UNNAMED,1,
4681,Barrens,UNKNWON,UNNAMED,1,
4682,Barrens,UNKNWON,UNNAMED,1,
4714,Dustwallow,Inns,Mudsprocket Inn,1,
4719,Mulgore,Quests,To Thunder Bluff,1,
4720,Dustwallow,UNKNOWN,UNNAMED,1,
4752,Dustwallow,Quests,Tidefury Cove Ship,1,
4775,Dustwallow,Inns,Brackenwall Village Inn,1,
4797,Durotar,UNKNOWN,UNNAMED,1,
4798,Durotar,UNKNOWN,UNNAMED,1,
4799,Durotar,UNKNOWN,UNNAMED,1,
4800,Durotar,UNKNOWN,UNNAMED,1,
4801,Orgrimmar,Quests,Valley of Strength,1,
4802,Orgrimmar,Quests,Valley of Honor,1,
4803,Orgrimmar,Quests,Valley of Wisdom,1,
4804,Orgrimmar,Quests,Valley of Spirits,1,
4807,Durotar,Quests,To Orgrimmar,1,
4808,Durotar,UNKNOWN,UNNAMED,1,
4809,Durotar,UNKNOWN,UNNAMED,1,
4810,Durotar,Quests,To Orgrimmar 2,1,
4829,Durotar,UNKNOWN,UNNAMED,1,
5047,Un'Goro Crater,Portals,To Sholazar Basin,1,
5049,Un'Goro Crater,UNKNOWN,UNNAMED,1,
5150,Cavenrs of Time,Portals,To Stratholme,1,
5263,Durotar,UNKNOWN,UNNAMED,1,
5264,Durotar,UNKNOWN,UNNAMED,1,
5265,Durotar,UNKNOWN,UNNAMED,1,
5266,Durotar,UNKNOWN,UNNAMED,1,
5267,Durotar,UNKNOWN,UNNAMED,1,
5268,Orgrimmar,Quests,Entrance,1,
5269,Orgrimmar,Quests,Entrance 2,1,
5270,Orgrimmar,Quests,UNNAMED,1,
5271,Orgrimmar,Quests,UNNAMED,1,
5272,Orgrimmar,Quests,UNNAMED,1,
5279,Orgrimmar,Quests,Thrall,1,
5311,Orgrimmar,Quests,Grommash Hold,1,
5462,Un'Goro Crater,Portals,To Sholazar Basin,1,
5463,Un'Goro Crater,Portals,UNNAMED,1,
5464,Un'Goro Crater,Portals,To Sholazar Basin,1,
5485,Thunder Bluff,Quests,Elder Rise,1,
5518,Moonglade,Inns,Nighthaven Inn,1,
5557,Darnassus,Quests,Temple of the Moon Entrace,1,
5705,Durotar,UNKNOWN,UNNAMED,1,
5706,Orgrimmar,Quests,UNNAMED,1,
5714,Orgrimmar,Quests,Auction House Entrace,1,
5715,Orgrimmar,Quests,Bamk Entrance,1,
5716,Orgrimmar,Quests,Barbershop Entrance,1,
5802,Durotar,UNKNOWN,UNNAMED,1,
5810,Durotar,UNKNOWN,UNNAMED,1,
5813,Durotar,World,Zepplin Tower,1,
5814,Durotar,World,Zepplin Tower Northrend,1,
5815,Durotar,Quests,Razor Hill,1,
5843,Durotar,Quests,Echo Isles,1,
5847,Durotar,Quests,Echo Isles 2,1,
5848,Durotar,Quests,Echo Isles 3,1,
60,UNKNOWN,UNKNOWN,UNNAMED,1,
81,UNKNOWN,UNKNOWN,UNNAMED,1,
83,UNKNOWN,UNKNOWN,UNNAMED,1,
95,Alterac Valley,Portals,To Alterac Horde (OLD),1,
2606,Alterac Valley,Portals,To Alterac Horde,1,
2608,Alterac Valley,Portals,To Alterac Alliance,1,
3326,Alterac Valley,PVP,Tower Point,1,
3327,Alterac Valley,PVP,Frostwolf Village,1,
3328,Alterac Valley,PVP,Frostwolf Keep Tower,1,
3329,Alterac Valley,PVP,Icewing Bunker,1,
3330,Alterac Valley,UNKNOWN,Horde Guy Location Thingy. Please rename me,1,
3331,Alterac Valley,PVP,Dun Baldar North Bunker,1,
194,Shadowfang,Portals,To Silverpine Forest,1,
254,Shadowfang,World,Walls,1,
255,Shadowfang,World,Wall 2,1,
256,Shadowfang,World,Wall 3,1,
2406,Shadowfang,Portals,Outside 1,1,
2407,Shadowfang,Portals,Outside 2,1,
2408,Shadowfang,Portals,Outside 3,1,
2409,Shadowfang,Portals,Outside 4,1,
2410,Shadowfang,Portals,Outside 5,1,
2411,Shadowfang,Portals,Outside 6,1,
5571,Shadowfang,Portals,To Back,1,
5572,Shadowfang,World,To Courtyard,1,
5722,Shadowfang,World,To Kitchen,1,
503,Stormwind Jail,Portals,To Stormwind,1,
109,Stormwind Prison,Portals,To Stormwind,1,
119,Deadmines,Portals,To Westfall,1,
121,Deadmines,Portals,To Westfall Exit,1,
3746,Deadmines,World,Entrance,1,
226,Wailing Caverns,Portals,To Barrens,1,
3766,Wailing Caverns,World,Entrance,1,
242,Razorfen Kraul,Portals,To Barrens,1,
262,Razorfen Kraul,World,Agathelos,1,
462,Razorfen Kraul,World,Bridges,1,
463,Razorfen Kraul,World,Cavern Exit,1,
259,Blackfathom,Portals,To Ashenvale,1,
283,Blackfathom,Quest,Thaelrid,1,
762,Blackfathom,World,Endboss,1,
288,Uldaman,Portals,To Badlands,1,
822,Uldaman,World,Ironaya,1,
882,Uldaman,Portals,To Badlands Backdoor,1,
322,Gnomeregan,Portals,To Dun Morogh,1,
525,Gnomeregan,Portals,To Dun Morogh Backdoor,1,
1105,Gnomeregan,World,Entrance,1,
448,Sunken Temple,Portals,To Swamp of Sorrows,1,
1306,Sunken Temple,World,To Prophet Boss,1,
1326,Sunken Temple,World,Pit of Sacrifice to Pit of Refuse,1,
4016,Sunken Temple,World,Endboss,1,
444,Razorfen Downs,Portals,To Kalimdor,1,
602,Scarlet Monastery,Portals,Graveyard to Tirisfal,1,
604,Scarlet Monastery,Portals,Cathedral to Tirisfal,1,
606,Scarlet Monastery,Portals,Armory to Tirisfal,1,
608,Scarlet Monastery,Portals,Library to Tirisfal,1,
4089,Scarlet Monastery,World,Ashbringer Event Cathedral,1,
4261,Scarlet Monastery,World,Ashbringer Event Graveyard,1,
4262,Scarlet Monastery,World,Ashbringer Event Armory,1,
4263,Scarlet Monastery,World,Ashbringer Event Library,1,
922,Zul'Farrak,Portals,To Tanaris,1,
962,Zul'Farrak,World,Witch Doctor Boss,1,
1447,Zul'Farrak,World,Cave Boss,1,
1470,Blackrock Spire,Portals,To Blackrock Mountain,1,
1628,Blackrock Spire,World,To Urok,1,
1946,Blackrock Spire,World,Vaelan 1,1,
1986,Blackrock Spire,World,Vaelan 2,1,
1987,Blackrock Spire,World,Vaelan 3,1,
2026,Blackrock Spire,World,Arena,1,
2046,Blackrock Spire,World,UBRS Entrance,1,
2066,Blackrock Spire,World,The Beast,1,
2067,Blackrock Spire,World,The Beast Entrance,1,
2068,Blackrock Spire,Portals,LBRS to Blackrock Mountain,1,
3726,Blackrock Spire,Portals,UBRS to Blackwing Lair,1,
1472,Blackrock Depths,Portals,To Blackrock Mountain,1,
1526,Blackrock Depths,World,Arena,1,
1590,Blackrock Depths,World,Jail 1,1,
1686,Blackrock Depths,World,Jail 2,1,
1746,Blackrock Depths,World,Jail 3,1,
1786,Blackrock Depths,World,Bridge Ambush,1,
1826,Blackrock Depths,World,Main Entrance,1,
1827,Blackrock Depths,World,To Endboss,1,
1828,Blackrock Depths,World,Gate Entrance,1,
1926,Blackrock Depths,World,Vault Entrance,1,
2886,Blackrock Depths,Portals,To Molten Core,1,
4751,Blackrock Depths,World,Grim Guzzler,1,
1626,Caverns's of Time,Portals,Hillsbrad to Tanaris (OLD),1,
4288,Caverns's of Time,World,Dark Portal,1,
4322,Caverns's of Time,Portals,Black Morass to Tanaris,1,
4485,Caverns's of Time,World,Entrance,1,
2547,Scholomance,Portals,Window 1,1,
2548,Scholomance,Portals,Window 2,1,
2549,Scholomance,Portals,Window 3,1,
2568,Scholomance,Portals,To Western Plaguelands,1,
3926,Zul'Gurub,World,Temple of Bethekk,1,
3930,Zul'Gurub,Portals,To Stranglethorn Vale,1,
3956,Zul'Gurub,World,First Bridge,1,
3957,Zul'Gurub,World,Entrance Steps,1,
3958,Zul'Gurub,World,Entrance,1,
3959,Zul'Gurub,World,Second Bridge,1,
3960,Zul'Gurub,World,Altar of Blood God Second  Level,1,
3961,Zul'Gurub,World,To Bloodfire Pit,1,
3962,Zul'Gurub,World,To Edge of Madness,1,
3963,Zul'Gurub,World,To Hakkari Grounds,1,
3964,Zul'Gurub,World,Altar of Blood God First Level,1,
3965,Zul'Gurub,World,To Temple of Bethekk,1,
3966,Zul'Gurub,World,To Altar of Hir'eek,1,
2187,Stratholme,World,Alonsus Chapel,1,
2209,Stratholme,World,Crusader's Square 1,1,
2210,Stratholme,World,Crusader's Square 2,1,
2221,Stratholme,Portals,To Eastern Plaguelands,1,
3126,Maraudon,Portals,To Desolace Purple,1,
3131,Maraudon,Portals,To Desolace Orange,1,
2166,Deeprun Tram,Portals,To Ironforge,1,
2171,Deeprun Tram,Portals,To Stormwind,1,
2226,Ragefire Chasm,Portals,To Kalimdor,1,
2890,Molten Core,Portals,To Eastern Kingdoms,1,
3190,Dire Maul,Portals,West to Feralas 1,1,
3191,Dire Maul,Portals,West to Feralas 2,1,
3193,Dire Maul,Portals,North to Feralas,1,
3194,Dire Maul,Portals,East to Feralas 1,1,
3195,Dire Maul,Portals,East to Feralas 2,1,
3196,Dire Maul,Portals,Library to Feralas,1,
3197,Dire Maul,Portals,East Tunnel to Feralas,1,
3506,Dire Maul,World,To Endboss 1,1,
3507,Dire Maul,World,To Endboss 2,1,
3508,Dire Maul,World,To Endboss 3,1,
3509,Dire Maul,World,To Endboss 4,1,
2534,Barracks,Portals,To Stormwind,1,
2530,Barracks,Portals,To Orgrimmar,1,
2416,Development Land,UNKNOWN,UNNAMED,1,
4750,Development Land,UNKNOWN,UNNAMED,1,
4836,Development Land,UNKNOWN,UNNAMED,1,
4840,Development Land,UNKNOWN,UNNAMED,1,
4841,Development Land,UNKNOWN,UNNAMED,1,
4854,Development Land,UNKNOWN,UNNAMED,1,
4901,Development Land,UNKNOWN,UNNAMED,1,
4905,Development Land,UNKNOWN,UNNAMED,1,
4909,Development Land,UNKNOWN,UNNAMED,1,
4911,Development Land,UNKNOWN,UNNAMED,1,
4953,Development Land,UNKNOWN,UNNAMED,1,
4958,Development Land,UNKNOWN,UNNAMED,1,
4962,Development Land,UNKNOWN,UNNAMED,1,
5453,Development Land,UNKNOWN,UNNAMED,1,
5477,Development Land,UNKNOWN,UNNAMED,1,
2426,Blackwing Lair,Portals,Balcony to Blackrock Mountain 1,1,
2427,Blackwing Lair,Portals,Balcony to Blackrock Mountain 2,1,
2428,Blackwing Lair,Portals,Balcony to Blackrock Mountain 3,1,
2429,Blackwing Lair,Portals,Balcony to Blackrock Mountain 4,1,
3626,Blackwing Lair,World,Vael Entrance,1,
3728,Blackwing Lair,Portals,To Blackrock Mountain,1,
3646,Warsong Gulch,PVP,Alliance Flag,1,
3647,Warsong Gulch,PVP,Horde Flag,1,
3649,Warsong Gulch,UNKNOWN,UNNAMED,1,
3686,Warsong Gulch,PVP,Alliance Speed Pickup,1,
3687,Warsong Gulch,PVP,Horde Speed Pickup,1,
3688,Warsong Gulch,UNKNOWN,Infront Horde Berserk Pickup,1,
3706,Warsong Gulch,PVP,Alliance Healing Pickup,1,
3707,Warsong Gulch,PVP,Alliance Berserk Pickup,1,
3708,Warsong Gulch,PVP,Horde Healing Pickup,1,
3709,Warsong Gulch,PVP,Horde Berserk Pickup,1,
4628,Warsong Gulch,UNKNOWN,Alliance Base,1,
4629,Warsong Gulch,UNKNOWN,Horde Base,1,
4006,Ahn'Qiraj Ruins,Portals,To Kalimdor,1,
3866,Arathi Basin,PVP,Stables Pickup,1,
3867,Arathi Basin,PVP,Farm Pickup,1,
3868,Arathi Basin,PVP,Lumber Mill Pickup,1,
3869,Arathi Basin,PVP,Mine Pickup,1,
3870,Arathi Basin,PVP,Blacksmith Pickup,1,
3948,Arathi Basin,Portals,Alliance To Ashenvale,1,
3949,Arathi Basin,Portals,Horde To Barrens,1,
4020,Arathi Basin,UNKNOWN,Alliance Start,1,
4021,Arathi Basin,UNKNOWN,Horde Start,1,
4674,Arathi Basin,UNKNOWN,Blacksmith,1,
4064,Ghostlands,Quests,An'daroth,1,
4071,Ghostlands,Quests,Amani Catacombs,1,
4108,Ghostlands,Inns,Tranquillien Inn,1,
4109,Ghostlands,Inns,Tranquillien Inn Upper,1,
4150,Hellfire Peninsula,Portals,To Ramparts,1,
4151,Hellfire Peninsula,Portals,To Shattered Halls,1,
4152,Hellfire Peninsula,Portals,To Blood Furnace,1,
4153,Hellfire Peninsula,Portals,To Magtheridon's Lair,1,
4170,Hellfire Peninsula,Quests,Fel Orc Corpse,1,
4186,Azuremyst Isle,Quests,UNNAMED,1,
4233,Eversong Woods,Portals,To Duskwither Spire,1,
4240,Azuremyst Isle,Inns,Azuzre Watch Inn,1,
4241,Bloodmyst Isle,Inns,Bloodmyst Watch Inn,1,
4252,Hellfire Peninsula,UNKNOWN,UNNAMED,1,
4253,Hellfire Peninsula,UNKNOWN,UNNAMED,1,
4265,Eversong Woods,Inns,Fairbreeze Village Inn,1,
4267,Eversong Woods,Portals,To Duskwither Grounds,1,
4280,Bloodmyst Isle,Quests,Warp Piston,1,
4291,Zangarmarsh,Quests,Spawning Glen,1,
4293,Zangarmarsh,Quests,Umbrafen Steam Pump,1,
4298,Zangarmarsh,Quests,To Coilfang Reservoir,1,
4300,Zangarmarsh,World,Cenarion Refuge Inn Entrance,1,
4301,Zangarmarsh,Quests,Boha'mu Ruins,1,
4326,Bloodmyst Isle,Quests,Bridge to Bloodmyst Isle,1,
4336,Hellfire Peninsula,Inns,Thrallmar Inn,1,
4337,Hellfire Peninsula,Inns,Honor Hold Inn,1,
4339,Silvermoon City,World,M'uru,1,
4342,Zangarmarsh,PVP,Twin Spire Ruins,1,
4345,Terokkar Forest,Quests,Veil Shalas,1,
4352,Hellfire Peninsula,Portals,Dark Portal to Blasted Lands,1,
4356,Hellfire Peninsula,Quest,Dark Portal,1,
4363,Zangarmarsh,Portals,To Underbog,1,
4364,Zangarmarsh,Portals,To Steamvault,1,
4365,Zangarmarsh,Portals,To Slave Pens,1,
4368,Terokkar Forest,Quests,Bleeding Hollow Ruins,1,
4369,Nagrand,Quests,Sunspring Post,1,
4370,Nagrand,Quests,Ring of Blood,1,
4371,Nagrand,Quests,Laughing Skull Ruins,1,
4372,Nagrand,Quests,Garadar,1,
4373,Zangarmarsh,Inns,Zabra'jin Inn,1,
4374,Zangarmarsh,Inns,Telredor Inn,1,
4375,Nagrand,Inns,Garadar Inn,1,
4376,Nagrand,Inns,Telaar Inn,1,
4377,Terokkar Forest,Inns,Allerian Stronghold Inn,1,
4378,Terokkar Forest,Inns,Stonebreaker Hold Inn,1,
4380,Hellfire Peninsula,Inns,Falcon Watch Inn,1,
4381,Hellfire Peninsula,Inns,Temple of Telhamat Inn,1,
4382,Zangarmarsh,Inns,Cenarion Refuge Inn,1,
4383,Zangarmarsh,Inns,Orebor Harborage Inn,1,
4386,Ghostlands,Portals,To Eastern Plaguelands,1,
4387,Terokkar Forest,PVP,Spirit Tower,1,
4389,Shattrath City,World,Griftah,1,
4404,Terokkar Forest,Portals,To Auchenai Crypts,1,
4405,Terokkar Forest,Portals,To Mana-Tombs,1,
4406,Terokkar Forest,Portals,To Sethekk Halls,1,
4407,Terokkar Forest,Portals,To Shadow Labyrinth,1,
4410,Shattrath City,World,To Lower City,1,
4415,Netherstorm,Quests,Stormspire,1,
4416,Zangarmarsh,Portals,To Serpentshrine Cavern,1,
4422,Netherstorm,World,Area 52 Entrance 1,1,
4425,Shattrath City,Quests,Refuge,1,
4426,Shattrath City,UNKNOWN,To Center,1,
4427,Shattrath City,UNKNOWN,UNNAMED,1,
4428,Shattrath City,UNKNOWN,UNNAMED,1,
4429,Shattrath City,UNKNOWN,UNNAMED,1,
4430,Shattrath City,UNKNOWN,UNNAMED,1,
4431,Shattrath City,UNKNOWN,UNNAMED,1,
4432,Shattrath City,UNKNOWN,To Scryer's Tier,1,
4433,Shattrath City,UNKNOWN,To Scryer's Tier 2,1,
4434,Shattrath City,UNKNOWN,To Aldor Rise,1,
4435,Shattrath City,UNKNOWN,To Aldor Rise 2,1,
4439,Hellfire Peninsula,Portals,To Falcon Watch Top,1,
4440,Hellfire Peninsula,Portals,To Falcon Watch Bottom,1,
4443,Terokkar Forest,Portals,To Firewing Point Upper,1,
4445,Terokkar Forest,Portals,To Tower Upper,1,
4466,Netherstorm,World,Area 52 Entrance 2,1,
4467,Netherstorm,Portals,To Botanica,1,
4468,Netherstorm,Portals,To Arcatraz,1,
4469,Netherstorm,Portals,To Mechanar,1,
4470,Netherstorm,Portals,To Tempest Keep,1,
4471,Netherstorm,World,Area 52 Entrance 3,1,
4472,Netherstorm,World,Area 52 Entrance 4,1,
4473,Netherstorm,Quests,Triangulation Point One,1,
4475,Netherstorm,Quests,Triangulation Point Two,1,
4478,Netherstorm,Quests,Ruins of Farahlon,1,
4479,Netherstorm,Portals,To Shattrath,1,
4482,Netherstorm,Quests,Celestial Ridge,1,
4486,Eversong Woods,Inns,Falconwing Square Inn,1,
4493,Zangarmarsh,Inns,Telredor Inn 2,1,
4494,Blade's Edge Mountains,Inns,Thunderlord Stronghold Inn,1,
4495,Netherstorm,World,Karaaz,1,
4496,Shadowmoon Valley,Quests,Illidari Point,1,
4497,Netherstorm,Quests,Manaforge Coruu,1,
4499,Blade's Edge Mountains,Inns,Sylvanaar Inn,1,
4506,Netherstorm,World,Ya-six,1,
4507,Netherstorm,World,Ya-six 2,1,
4521,Netherstorm,Inns,Area 52 Inn,1,
4523,Netherstorm,Portals,To Invasion Point: Overlord,1,
4526,Shadowmoon Valley,Inns,Shadowmoon Village Inn,1,
4527,Shadowmoon Valley,Inns,Shadowmoon Village Inn 2,1,
4528,Shadowmoon Valley,Inns,Wildhammer Stronghold Inn,1,
4529,Shadowmoon Valley,Inns,Wildhammer Stronghold Inn,1,
4535,Blade's Edge Mountains,Portals,To Gruul's Lair,1,
4542,Blade's Edge Mountains,World,Bladespire Grounds,1,
4546,Blade's Edge Mountains,World,Daranelle,1,
4548,Shadowmoon Valley,Quests,Legion Communication Device,1,
4555,Netherstorm,Inns,Stormspire Inn,1,
4556,Netherstorm,Inns,Stormspire Inn 2,1,
4557,Netherstorm,Inns,Stormspire Inn 3,1,
4558,Blade's Edge Mountains,Inns,Toshley's Station Inn,1,
4560,Shadowmoon Valley,Portal,To Invasion Point: Cataclysm,1,
4561,Shadowmoon Valley,Portals,To Legion Hold Alliance,1,
4562,Shadowmoon Valley,Portals,To Legion Hold Horde,1,
4563,Shadowmoon Valley,Portal,To Invasion Point: Cataclysm,1,
4566,Shadowmoon Valley,Portal,To Invasion Point: Cataclysm,1,
4576,Blade's Edge Mountains,UNKNOWN,Grishnath 1,1,
4577,Shadowmoon Valley,Inns,Altar of Sha'tar Inn,1,
4578,Shadowmoon Valley,Portal,To Invasion Point: Cataclysm,1,
4579,Shadowmoon Valley,Portal,To Invasion Point: Cataclysm,1,
4580,Blade's Edge Mountains,Quests,Grishnath 2,1,
4581,Shadowmoon Valley,Quests,Path of Conquest 1,1,
4582,Shadowmoon Valley,Quests,Path of Conquest 2,1,
4583,Shadowmoon Valley,Quests,Path of Conquest 3,1,
4588,Shadowmoon Valley,Quests,Path of Conquest 4,1,
4589,Shadowmoon Valley,Quests,Path of Conquest 5,1,
4590,Shadowmoon Valley,Quests,Path of Conquest 6,1,
4591,Zangarmarsh,World,To Serpentshrine Cavern,1,
4595,Blade's Edge Mountains,Inns,Mok'Nathal Village Inn,1,
4598,Shadowmoon Valley,Portals,To Black Temple,1,
4607,Shadowmoon Valley,Inns,Sanctum of the Stars Inn 1,1,
4608,Shadowmoon Valley,Inns,Sanctum of the Stars Inn 2,1,
4609,Shadowmoon Valley,Inns,Sanctum of the Stars Inn 3,1,
4613,Blade's Edge Mountains,Quests,Grishnath 3,1,
4615,Blade's Edge Mountains,Quests,Grishnath 4,1,
4616,Blade's Edge Mountains,Quests,Grishnath 5,1,
4617,Blade's Edge Mountains,Quests,Grishnath 6,1,
4640,Blade's Edge Mountains,Inns,Evergrove Inn,1,
4713,Terokkar Forest,UNKNOWN,UNNAMED,1,
4722,Eversong Woods,Inns,Fairbreeze Village Inn Upper,1,
4738,Ghostlands,Portals,To Zul'Aman,1,
4847,Isle of Quel'Danas,Inns,Sun's Reach Harbor Inn,1,
4851,Eversong Woods,Events,Winter Veil Thingy,1,
4852,Azuremyst Isle,Events,Winter Veil Thingy,1,
4874,Terokkar Forest,Events,Winter Veil Thingy,1,
4887,Isle of Quel'Danas,Portals,To Magisters' Terrace,1,
4889,Isle of Quel'Danas,Portals,To Sunwell Plateau,1,
5151,Azuremyst Isle,UNKNOWN,UNNAMED,1,
5152,Azuremyst Isle,UNKNOWN,UNNAMED,1,
5153,Azuremyst Isle,UNKNOWN,UNNAMED,1,
5154,Azuremyst Isle,UNKNOWN,UNNAMED,1,
5158,Eversong Woods,UNKNOWN,UNNAMED,1,
5159,Eversong Woods,UNKNOWN,UNNAMED,1,
5160,Eversong Woods,UNKNOWN,UNNAMED,1,
5161,Eversong Woods,UNKNOWN,UNNAMED,1,
4012,Ahn'Qiraj Temple,Portals,To Silithus,1,
4033,Ahn'Qiraj Temple,World,Stomach Bottom,1,
4034,Ahn'Qiraj Temple,Portals,To C'thun,1,
4036,Ahn'Qiraj Temple,World,C'thun,1,
4047,Ahn'Qiraj Temple,World,Twin Emperor Chamber,1,
4052,Ahn'Qiraj Temple,World,Gauntlet,1,
4191,Karazhan,UNKNOWN,Servant's Access Door,1,
4216,Karazhan,World,Guardian's Library,1,
4242,Karazhan,World,Guardian's Library 2,1,
4436,Karazhan,Portals,Main Entrance to Deadwind Pass,1,
4520,Karazhan,Portals,Side  Entrance to Deadwind Pass,1,
4522,Karazhan,UNKNOWN,Side  Entrance,1,
5014,Karazhan,UNKNOWN,Blood Drenched Door,1,
5015,Karazhan,UNKNOWN,Prince Tenris Mirkblood,1,
4086,Naxxramas,World,Boss Gluth,1,
4087,Naxxramas,World,Boss Room Gluth 1,1,
4088,Naxxramas,World,Boss Room Gluth 2,1,
4097,Naxxramas,World,Boss Room Gluth 3,1,
4112,Naxxramas,World,Boss Room Kel'Thuzad,1,
4113,Naxxramas,World,Boss Room Thaddius1,1,
4114,Naxxramas,World,Boss Room Thaddius 2,1,
4115,Naxxramas,World,Boss Room Faerlina,1,
4116,Naxxramas,World,Boss Room Gothik,1,
4117,Naxxramas,World,Military Quarter Entrance,1,
4119,Naxxramas,World,Boss Room Anub'Rekhan,1,
4120,Naxxramas,Portals,To Naxxramas,1,
4156,Naxxramas,Portals,To Sapphiron's Lair,1,
4158,Naxxramas,World,Boss Kel'Thuzad,1,
4163,Naxxramas,World,Boss Room Gluth 4,1,
4166,Naxxramas,World,Outer Ring Construction Quarter,1,
4167,Naxxramas,World,Boss Room Sapphiron,1,
4177,Naxxramas,World,Boss Room Noth,1,
4180,Naxxramas,World,Before Boss Room Gluth,1,
4184,Naxxramas,World,Boss Heigan,1,
5196,Naxxramas,Portals,To Eastern Plaguelands,1,
5197,Naxxramas,Portals,To Eastern Plaguelands,1,
5198,Naxxramas,Portals,To Eastern Plaguelands,1,
5199,Naxxramas,Portals,To Eastern Plaguelands,1,
4311,Hyjal,Portals,To Alliance Camp,1,
4312,Hyjal,Portals,To Horde Camp,1,
4313,Hyjal,Portals,To Night Elf Camp,1,
4323,Hyjal,Portals,To Tanaris,1,
4341,Hyjal,World,Night Elf Camp,1,
4487,Hyjal,Portals,To Tanaris,1,
4145,Shattered Halls,Portals,To Hellfire Peninsula,1,
4182,Shattered Halls,World,Entrance 1,1,
4183,Shattered Halls,World,Entrance 2,1,
4246,Shattered Halls,World,Endboss,1,
4347,Shattered Halls,World,Sewer Exit,1,
4524,Shattered Halls,World,Throne of the Damned Exit,1,
4575,Shattered Halls,World,Gauntlet,1,
4147,Blood Furnace,Portals,To Hellfire Peninsula,1,
4200,Blood Furnace,World,Endboss Entrance 1,1,
4201,Blood Furnace,World,Endboss Entrance 2,1,
4297,Ramparts,Portals,To Hellfire Peninsula,1,
4304,Ramparts,Portals,To Hellfire Peninsula Falloff,1,
4149,Magtheridon's Lair,Portals,To Hellfire Peninsula,1,
4192,Magtheridon's Lair,World,Boss Room 1,1,
4193,Magtheridon's Lair,World,Boss Room 2,1,
4194,Magtheridon's Lair,World,Boss Room 3,1,
4195,Magtheridon's Lair,World,Boss Room 4,1,
4196,Magtheridon's Lair,World,Magtheridon,1,
4366,Steamvault,Portals,To Outland,1,
4281,Underbog,World,UNNAMED,1,
4292,Underbog,World,UNNAMED,1,
4302,Underbog,World,Boss Room 1,1,
4303,Underbog,World,Boss Room 2,1,
4367,Underbog,Portals,To Zangarmarsh,1,
4295,Slave Pens,World,Endboss Entrance,1,
4379,Slave Pens,Portals,To Zangarmarsh,1,
4411,Slave Pens,UNKNOWN,UNNAMED,1,
4418,Serpentshrine Cavern,Portals,To Zangarmarsh,1,
4652,Serpentshrine Cavern,World,The Lurker Below,1,
4457,Tempest Keep,Portals,To Outland,1,
4455,Arcatraz,Portals,To Outland,1,
4459,Botanica,Portals,To Netherstorm,1,
4612,Botanica,Portals,To Netherstorm Exit,1,
4461,Mechanar,Portals,To Netherstorm,1,
4614,Mechanar,Portals,To Netherstorm Exit,1,
4397,Shadow Labyrinth,Portals,To Outland,1,
4399,Sethekk Halls,Portals,To Outland,1,
4401,Mana-Tombs,Portals,To Outland,1,
4403,Auchenai Crypts,Portals,To Outland,1,
4536,Nagrand Arena,PVP,Pickup South,1,
4537,Nagrand Arena,PVP,Pickup North,1,
4917,Nagrand Arena,UNKNOWN,Underground 1,1,
5006,Nagrand Arena,UNKNOWN,Underground 2,1,
5008,Nagrand Arena,UNKNOWN,Underground 3,1,
4324,Hillsbrad Past,Portals,To Tanaris,1,
4498,Hillsbrad Past,World,Southshore Inn,1,
4501,Hillsbrad Past,World,Bartolo Ginsetti,1,
4502,Hillsbrad Past,World,Beggar,1,
4503,Hillsbrad Past,World,Behind Loo,1,
4504,Hillsbrad Past,World,Behind House,1,
4538,Blade's Edge Arena,PVP,Pickup Northwest,1,
4539,Blade's Edge Arena,PVP,Southeast,1,
4919,Blade's Edge Arena,UNKNOWN,Outside 1,1,
4921,Blade's Edge Arena,UNKNOWN,Outside 2,1,
4922,Blade's Edge Arena,UNKNOWN,Outside 3,1,
4923,Blade's Edge Arena,UNKNOWN,Outside 4,1,
4924,Blade's Edge Arena,UNKNOWN,Outside 5,1,
4925,Blade's Edge Arena,UNKNOWN,Outside 6,1,
4944,Blade's Edge Arena,UNKNOWN,Below 1,1,
5039,Blade's Edge Arena,UNKNOWN,Below 2,1,
5040,Blade's Edge Arena,UNKNOWN,Below 3,1,
4619,Black Temple,Portals,To Shadowmoon Valley,1,
4648,Black Temple,World,Endboss Room 1,1,
4649,Black Temple,World,Endboss Room 2,1,
4650,Black Temple,World,Endboss Room 3,1,
4653,Black Temple,World,Endboss Room 4,1,
4654,Black Temple,World,Endboss Room 5,1,
4655,Black Temple,World,Illidan,1,
4656,Black Temple,UNKNOWN,Old Entrance,1,
4657,Black Temple,UNKNOWN,UNNAMED,1,
4665,Black Temple,World,Boss Room Teron Gorefiend,1,
4760,Black Temple,World,Endboss Room 6,1,
4534,Gruul's Lair,Portals,To Outland,1,
4476,Eye of the Storm,PVP,Blood Elf Tower Flag Dropoff 1,1,
4512,Eye of the Storm,PVP,Blood Elf Tower Flag Dropoff 2,1,
4514,Eye of the Storm,PVP,Feld Reaver Ruins Flag Dropoff 1,1,
4515,Eye of the Storm,PVP,Feld Reaver Ruins Flag Dropoff 2,1,
4516,Eye of the Storm,PVP,Mage Tower Flag Dropoff 1,1,
4517,Eye of the Storm,PVP,Mage Tower Flag Dropoff 2,1,
4518,Eye of the Storm,PVP,Draenei Ruins Flag Dropoff 1,1,
4519,Eye of the Storm,PVP,Draenei Ruins Flag Dropoff 2,1,
4530,Eye of the Storm,UNKNOWN,Horde Start,1,
4531,Eye of the Storm,UNKNOWN,Alliance Start,1,
4568,Eye of the Storm,PVP,Blood Elf Tower Pickup,1,
4569,Eye of the Storm,PVP,Feld Reaver Ruins Pickup,1,
4570,Eye of the Storm,PVP,Mage Tower Pickup,1,
4571,Eye of the Storm,PVP,Draenei Ruins Pickup,1,
5866,Eye of the Storm,UNKNOWN,Fel Reaver Ruins,1,
4723,Zul'Aman,World,Bear God,1,
4724,Zul'Aman,World,Dragonhawk God,1,
4725,Zul'Aman,World,Eagle God,1,
4726,Zul'Aman,World,Lynx God,1,
4739,Zul'Aman,Portals,To Ghostlands,1,
4768,Zul'Aman,World,Instance Entrance,1,
4782,Zul'Aman,World,Dragonhawk God Eggs,1,
4745,Howling Fjord,Portals,To Utgarde Keep,1,
4747,Howling Fjord,Portals,To Utgarde Pinnacle,1,
4753,Howling Fjord,Inns,Westguard Keep Inn,1,
4755,Howling Fjord,Inns,Camp Winterhoof Inn,1,
4756,Howling Fjord,Inns,Fort Wildervar Inn,1,
4778,Howling Fjord,Quests,Wyrmskull Village House,1,
4779,Howling Fjord,Quests,King Ymiron,1,
4806,Howling Fjord,Quests,Wildervar Mine,1,
4850,Borean Tundra,Quests,Winterfin Caves,1,
4857,Borean Tundra,Quests,Spire of Decay,1,
4858,Borean Tundra,Quests,Spire of Blood,1,
4860,Borean Tundra,Quests,Spire of Pain,1,
4861,Borean Tundra,Inns,Bor'gorok Outpost Inn,1,
4867,Borean Tundra,Inns,Fizzcrank Airstrip Inn,1,
4868,Borean Tundra,Inns,Taunka'le Village Inn,1,
4871,Borean Tundra,Quests,Warsong Granary,1,
4872,Borean Tundra,Quests,Torp's Farm,1,
4873,Borean Tundra,Quests,Warsong Slaughterhouse,1,
4883,Borean Tundra,Quests,Evanor's Prison,1,
4894,Borean Tundra,World,Khu'nok the Behemoth,1,
4896,Borean Tundra,World,Kaw's Roost,1,
4899,Borean Tundra,Quests,Fizzcrank Pumping Station,1,
4910,Borean Tundra,Inns,Warsong Hold Inn,1,
4914,Borean Tundra,World,Transitus Shield,1,
4916,Borean Tundra,UNKNOWN,Coldara Air,1,
4946,Grizzly Hills,Quests,Thor Modan North Building,1,
4947,Grizzly Hills,Quests,Thor Modan East Building,1,
4948,Grizzly Hills,Quests,Thor Modan South Building,1,
4949,Dragonblight,UNKNOWN,Over Agmar's Hammer,1,
4950,Dragonblight,World,Before Azjol-Nerub,1,
4951,Dragonblight,Quests,The Briny Pinnacle,1,
4952,Borean Tundra,World,To Fizzcrank Airstrip,1,
4956,Dragonblight,Quests,The End of the Line,1,
4960,Dragonblight,World,Agmar's Hammer,1,
4961,Borean Tundra,Inns,Valiance Keep Inn,1,
4963,Borean Tundra,Quest,Plains of Nasam,1,
4964,Dragonblight,Inns,Stars' Rest Inn,1,
4965,Grizzly Hills,Inns,Amberpine Lodge Inn,1,
4966,Grizzly Hills,Inns,Westfall Brigade Encampment inn,1,
4967,Grizzly Hills,Inns,Camp Oneqwah Inn,1,
4968,Dragonblight,UNKNOWN,UNNAMED,1,
4969,Dragonblight,UNKNOWN,UNNAMED,1,
4970,Grizzly Hills,Inns,Conquest Hold Inn,1,
4971,Dragonblight,World,UNNAMED,1,
4972,Dragonblight,World,UNNAMED,1,
4973,Dragonblight,World,UNNAMED,1,
4974,Dragonblight,World,UNNAMED,1,
4975,Dragonblight,Inns,Mao'ki Harbor Inn,1,
4976,Howling Fjord,Inns,Kamagua Inn,1,
4977,Borean Tundra,Inns,unu'pe Inn,1,
4979,Dragonblight,Inns,Venomspite Inn,1,
4983,Borean Tundra,Portals,To the Nexus,1,
4984,Dragonblight,World,New Hearthglen Chapple,1,
4985,Dragonblight,World,Maw of Neltharion Entrance,1,
4986,Dragonblight,World,Maw of Neltharion Main Chamber,1,
4987,Dragonblight,World,New Hearthglen Abbey Entrance,1,
4988,Dragonblight,World,Maw of Neltharion Main Chamber Entrance,1,
4989,Dragonblight,World,Maw of Neltharion First Chamber,1,
4993,Dragonblight,Inns,Wintergarde Keep Inn,1,
4998,Zul'Drak,Portals,To Drak'Tharon Keep,1,
5003,Zul'Drak,Quests,Altar of Sseratus,1,
5010,Storm Peaks,Portals,To Halls of Stone,1,
5030,Sholazar Basin,Quests,Mistwhisper Treasure,1,
5045,Dragonblight,Inns,Agmar's Hammer Inn,1,
5046,Sholazar Basin,Portals,To Un'Goro Krater,1,
5048,Sholazar Basin,UNKNOWN,UNNAMED,1,
5051,Zul'Drak,Portals,Reliquary of Pain To Voltarus,1,
5052,Zul'Drak,Quests,Altar of Quetz'lun,1,
5056,Zul'Drak,World,Approaching Voltarus,1,
5057,Zul'Drak,Quests,Overlord Drakuru 1,1,
5058,Zul'Drak,Quests,Overlord Drakuru 2,1,
5059,Zul'Drak,Quests,Overlord Drakuru 3,1,
5060,Zul'Drak,Quests,Overlord Drakuru 4,1,
5061,Zul'Drak,Portals,Voltarus to Reliquary of Pain,1,
5062,Zul'Drak,Inns,Argent Stand Inn,1,
5079,Zul'Drak,Portals,Voltarus to Upper Voltarus,1,
5080,Zul'Drak,Portals,Upper Voltarus to Voltarus,1,
5093,Storm Peaks,Portals,To Halls of Lightning,1,
5095,Zul'Drak,Quests,Overlord Drakuru 5,1,
5096,Zul'Drak,Quests,Overlord Drakuru 6,1,
5097,Zul'Drak,Quests,Overlord Drakuru 7,1,
5098,Zul'Drak,Quests,Overlord Drakuru 8,1,
5108,Sholazar Basin,Quests,Shrine of the Tempest,1,
5117,Dragonblight,Portals,To Azjol-Nerub,1,
5163,Storm Peaks,World,Janks,1,
5164,Zul'Drak,Inns,Zim'Torga Inn,1,
5171,Storm Peaks,UNKNOWN,Frostgrip's Hollow Entrance,1,
5172,Storm Peaks,UNKNOWN,Frostgrip's Hollow 1,1,
5173,Storm Peaks,UNKNOWN,Frostgrip's Hollow 1,1,
5174,Zul'Drak,World,Thrym's End Gerk,1,
5175,Zul'Drak,World,Thrym's End Burr,1,
5176,Zul'Drak,Quests,Dargath's Demise,1,
5177,Zul'Drak,Quests,Crusader Forward Camp,1,
5182,Storm Peaks,Inns,Frosthold Inn,1,
5183,Storm Peaks,Inns,K3 Inn,1,
5187,Storm Peaks,Portals,Garm's Rise to K3,1,
5190,Storm Peaks,Portals,K3 to Garm's Rise,1,
5191,Dragonblight,To Naxxramas 1,UNNAMED,1,
5192,Dragonblight,To Naxxramas 2,UNNAMED,1,
5193,Dragonblight,Portals,To Naxxramas 3,1,
5194,Dragonblight,Portals,To Naxxramas 4,1,
5200,Storm Peaks,Inns,Brunhildar Village Inn,1,
5204,Storm Peaks,Inns,Bouldercrag's Refuge Inn,1,
5205,Zul'Drak,Portals,To Gundrak South,1,
5206,Zul'Drak,Portals,To Gundrak North,1,
5209,Dalaran,Portals,To Violet Hold,1,
5215,Dragonblight,Portals,To Ahn'kahet,1,
5217,Sholazar Basin,Inns,Nesingwary Base Camp Inn,1,
5227,Icecrown,Inns,Argent Vanguard Inn,1,
5243,Dragonblight,Portals,To Obsidian Sanctum,1,
5245,Icecrown,World,Rise of Suffering,1,
5246,Borean Tundra,Portals,To the Oculus,1,
5248,Icecrown,Quests,Crusaders' Pinnacle,1,
5254,Zul'Drak,Portals,Zeramas to Ground,1,
5257,Dragonblight,Quests,Angrathar the Wrathgate,1,
5258,Wintergrasp,Portals,To Vault of Archavon,1,
5273,Dalaran,Portals,Well to Underbelly,1,
5274,Storm Peaks,Quests,UNNAMED,1,
5275,Storm Peaks,Quests,UNNAMED,1,
5280,Icecrown,UNKNOWN,UNNAMED,1,
5281,Icecrown,World,Cloak Dome Alliance,1,
5282,Icecrown,World,Cloak Dome Horde,1,
5283,Dalaran,World,Dalaran Airspace,1,
5284,Icecrown,Quests,Aldur'thar South,1,
5285,Icecrown,Quests,Aldur'thar Center,1,
5286,Icecrown,Quests,Aldur'thar Northeast,1,
5287,Icecrown,Quests,Aldur'thar Northwest,1,
5290,Borean Tundra,Portals,To the Eye of Eternity,1,
5294,Wintergrasp,UNKNOWN,UNNAMED,1,
5296,Wintergrasp,UNKNOWN,UNNAMED,1,
5298,Wintergrasp,UNKNOWN,UNNAMED,1,
5300,Wintergrasp,UNKNOWN,UNNAMED,1,
5302,Wintergrasp,UNKNOWN,UNNAMED,1,
5304,Wintergrasp,UNKNOWN,UNNAMED,1,
5305,Icecrown,UNKNOWN,Ymirheim 1,1,
5306,Icecrown,UNKNOWN,Ymirheim 2,1,
5307,Icecrown,UNKNOWN,Ymirheim 3,1,
5308,Icecrown,UNKNOWN,Ymirheim 4,1,
5309,Icecrown,Inns,The Shadow Vault Inn,1,
5310,Dalaran,Events,Winter Veil Thingy,1,
5312,Icecrown,UNKNOWN,Ymirheim 5,1,
5313,Icecrown,UNKNOWN,Ymirheim 6,1,
5314,Dragonblight,Inns,Wyrmrest Temple Inn 1,1,
5315,Dragonblight,Inns,Wyrmrest Temple Inn 2,1,
5316,Dragonblight,Inns,Wyrmrest Temple Inn 3,1,
5317,Dragonblight,Inns,Wyrmrest Temple Inn 4,1,
5318,Dragonblight,World,Wyrmrest Temple Bottom Entrance,1,
5323,Storm Peaks,Inns,Camp Tunka'lo,1,
5327,Dalaran,Quests,Krasus' Landing,1,
5332,Borean Tundra,Portals,To Naxxanar,1,
5334,Borean Tundra,Portals,Naxxanar to Borean Tundra,1,
5338,Borean Tundra,Portals,Naxxanar Top to Naxxanar,1,
5339,Borean Tundra,Quests,Naxxanar Inside to Naxxanar,1,
5340,Borean Tundra,Portals,Naxxanar to Naxxanar Top,1,
5341,Borean Tundra,Portals,Naxxanar to Naxxanar Inside,1,
5360,Storm Peaks,Inns,Grom'arsh Crash-Site Inn,1,
5379,Storm Peaks,Portals,To Ulduar,1,
5392,Icecrown,World,Broxel Goldgrasp,1,
5403,Icecrown,World,Stables,1,
5404,Icecrown,World,Stables 2,1,
5405,Icecrown,World,Stables 3,1,
5440,Borean Tundra,Portals,Fizzcrank Paratrooper Teleporter,1,
5460,Sholazar Basin,Portals,To Un'Goro Krater,1,
5461,Sholazar Basin,Portals,To Un'Goro Krater,1,
5500,Icecrown,World,Black Knight Grave,1,
5503,Icecrown,Portals,To Trial of the Crusader,1,
5505,Icecrown,Portals,To Trial of the Champion,1,
5635,Icecrown,Portals,To Forge of Souls,1,
5636,Icecrown,Portals,To Halls of Reflection,1,
5637,Icecrown,Portals,To Pit of Saron,1,
5650,Dragonblight,Quests,Frostmourne Cavern,1,
5670,Icecrown,Portals,To Icecrown Citadel,1,
5691,Dalaran,World,To Sewers 1,1,
5692,Dalaran,World,To Sewers 2,1,
5693,Dalaran,World,To Sewers 3,1,
5694,Dalaran,World,To Sewers 4,1,
5774,Dalaran,World,The Violet Gate,1,
5869,Dragonblight,Portals,To Ruby Sanctum,1,
4696,Lordaeron Arena,PVP,Pickup 1,1,
4697,Lordaeron Arena,PVP,Pickup 2,1,
4927,Lordaeron Arena,UNKNOWN,Outside 1,1,
4928,Lordaeron Arena,UNKNOWN,Outside 2,1,
4929,Lordaeron Arena,UNKNOWN,Outside 3,1,
4930,Lordaeron Arena,UNKNOWN,Outside 4,1,
4931,Lordaeron Arena,UNKNOWN,Outside 5,1,
4932,Lordaeron Arena,UNKNOWN,Outside 6,1,
4933,Lordaeron Arena,UNKNOWN,Outside 7,1,
4934,Lordaeron Arena,UNKNOWN,Outside 8,1,
4935,Lordaeron Arena,UNKNOWN,Outside 9,1,
4936,Lordaeron Arena,UNKNOWN,Outside 10,1,
4941,Lordaeron Arena,UNKNOWN,Below 1,1,
5041,Lordaeron Arena,UNKNOWN,Below 2,1,
5042,Lordaeron Arena,UNKNOWN,Below 3,1,
4741,Utgarde Keep,Portals,To Howling Fjord,1,
4757,Utgarde Keep,UNKNOWN,Reavers' Hall,1,
4762,Utgarde Keep,UNKNOWN,Entrance 1,1,
4764,Utgarde Keep,UNKNOWN,Entrance 2,1,
4791,Utgarde Keep,UNKNOWN,Forgefire 1,1,
4792,Utgarde Keep,UNKNOWN,Forgefire 2,1,
4793,Utgarde Keep,UNKNOWN,Forgefire 3,1,
4838,Utgarde Keep,World,Tyr's Terrace,1,
4743,Utgarde Pinnacle,Portals,To Howling Fjord,1,
4991,Utgarde Pinnacle,World,Gauntlet,1,
5140,Utgarde Pinnacle,World,Observance Hall,1,
4954,The Nexus,World,Entrance 1,1,
4955,The Nexus,World,Entrance 2,1,
4981,The Nexus,Portals,To Borean Tundra,1,
5004,The Nexus,World,Below,1,
5001,The Oculus,Portals,To Northrend,1,
4853,The Sunwell,World,Brutallus,1,
4891,The Sunwell,Portals,To Sunwell Plateau,1,
4937,The Sunwell,World,Eredar Twins,1,
5626,The Sunwell,UNKNOWN,UNNAMED,1,
5652,The Sunwell,UNKNOWN,To Endboss 1,1,
5664,The Sunwell,UNKNOWN,To Endboss 2,1,
5681,The Sunwell,World,Entrance 1,1,
5682,The Sunwell,World,Entrance 2,1,
5684,The Sunwell,World,Endboss Entrance 1,1,
5685,The Sunwell,World,Endboss Entrance,1,
4849,Magister's Terrace,Quest,Solar Vigil,1,
4885,Magister's Terrace,Portals,To Sunwell Plateau,1,
5085,Culling of Stratholme,World,To Stratholme,1,
5148,Culling of Stratholme,Portals,To Tanaris,1,
5181,Culling of Stratholme,Portals,To Tanaris Exit,1,
5249,Culling of Stratholme,World,Fras Siabi's Premium Tabacco,1,
5250,Culling of Stratholme,World,Leeka's Shields & Maces,1,
5251,Culling of Stratholme,World,The Stone Crow Tavern,1,
5252,Culling of Stratholme,World,Aaren's Flowers,1,
5253,Culling of Stratholme,World,Angelista's Boutique,1,
5256,Culling of Stratholme,World,To burning city,1,
5291,Culling of Stratholme,World,Cellar RP,1,
5795,Culling of Stratholme,World,Stratholme Entrance,1,
5012,Halls of Stone,Portals,To Northrend,1,
5000,Drak'Tharon Keep,Portals,To Northrend,1,
5113,Azjol-Nerub,Portals,To Dragonblight Exit,1,
5115,Azjol-Nerub,Portals,To Dragonblight,1,
5292,Azjol-Nerub,World,To Endboss,1,
5082,Halls of Lightning,UNKNOWN,UNNAMED,1,
5083,Halls of Lightning,UNKNOWN,UNNAMED,1,
5084,Halls of Lightning,UNKNOWN,UNNAMED,1,
5091,Halls of Lightning,Portals,To Storm Peaks,1,
5357,Ulduar,World,Thorim,1,
5358,Ulduar,World,Entrance 1,1,
5359,Ulduar,World,Entrance,1,
5366,Ulduar,UNKNOWN,UNNAMED,1,
5369,Ulduar,World,Repair-o-matic Station 1,1,
5381,Ulduar,Portals,To Storm Peaks,1,
5388,Ulduar,World,Expedition Base Camp,1,
5390,Ulduar,World,The Shattered Walkway Killzone,1,
5398,Ulduar,World,UNNAMED,1,
5399,Ulduar,World,The Shattered Walkway,1,
5400,Ulduar,World,To Celestial Planetarium 1,1,
5401,Ulduar,World,To Celestial Planetarium 2,1,
5402,Ulduar,World,Tram Killzone,1,
5414,Ulduar,World,UNNAMED,1,
5415,Ulduar,World,To Tower of Flames,1,
5416,Ulduar,World,To Tower of Frost,1,
5417,Ulduar,World,To Tower of Frost,1,
5420,Ulduar,Portals,Ulduar Teleporter Main Entrance,1,
5423,Ulduar,World,Repair-o-matic Station 2,1,
5426,Ulduar,World,UNNAMED,1,
5427,Ulduar,World,Colossal Forge,1,
5428,Ulduar,World,UNNAMED,1,
5432,Ulduar,World,Tram Rail Killzone,1,
5433,Ulduar,World,Below Celestial Planetarium,1,
5442,Ulduar,World,UNNAMED,1,
5443,Ulduar,World,Gauntlet Begin,1,
5231,Gundrak,Portals,To Zul'Drak South,1,
5233,Gundrak,Portals,To Zul'Drak Exit North,1,
5276,Gundrak,Portals,To Zul'Drak Exit South,1,
5277,Gundrak,Portals,To Zul'Drak North,1,
5354,Strand of the Ancients,PVP,Workshop East,1,
5355,Strand of the Ancients,PVP,Workshop West,1,
5356,Strand of the Ancients,PVP,Seaforium Pile,1,
5211,Violet Hold,Portals,To Northrend,1,
5017,Ebon Hold,UNKNOWN,UNNAMED,1,
5029,Ebon Hold,UNKNOWN,UNNAMED,1,
5086,Ebon Hold,World,Scarlet Tavern 1,1,
5087,Ebon Hold,UNKNOWN,Crypt of Remembrance,1,
5088,Ebon Hold,UNKNOWN,Scarlet Tavern 2,1,
5089,Ebon Hold,UNKNOWN,Scarlet Tavern 3,1,
5094,Ebon Hold,UNKNOWN,UNNAMED,1,
5099,Ebon Hold,UNKNOWN,UNNAMED,1,
5100,Ebon Hold,UNKNOWN,UNNAMED,1,
5101,Ebon Hold,UNKNOWN,UNNAMED,1,
5102,Ebon Hold,UNKNOWN,UNNAMED,1,
5103,Ebon Hold,UNKNOWN,UNNAMED,1,
5104,Ebon Hold,UNKNOWN,UNNAMED,1,
5105,Ebon Hold,UNKNOWN,UNNAMED,1,
5106,Ebon Hold,UNKNOWN,UNNAMED,1,
5107,Ebon Hold,UNKNOWN,UNNAMED,1,
5228,Obsidian Sanctum,UNKNOWN,UNNAMED,1,
5229,Obsidian Sanctum,UNKNOWN,UNNAMED,1,
5241,Obsidian Sanctum,Portals,To Dragonblight,1,
5342,Eye of Eternity,Portals,To Northrend,1,
5326,Dalaran Arena,UNKNOWN,Below 1,1,
5328,Dalaran Arena,UNKNOWN,Out of Bounds 1,1,
5329,Dalaran Arena,UNKNOWN,Out of Bounds 2,1,
5330,Dalaran Arena,UNKNOWN,Out of Bounds 3,1,
5331,Dalaran Arena,UNKNOWN,Out of Bounds 4,1,
5343,Dalaran Arena,UNKNOWN,Below 2,1,
5344,Dalaran Arena,UNKNOWN,Below 3,1,
5347,Dalaran Arena,UNKNOWN,Pllayer 1,1,
5348,Dalaran Arena,UNKNOWN,Pllayer 2,1,
5224,Ring of Valor,UNKNOWN,Player 1,1,
5226,Ring of Valor,UNKNOWN,Player 2,1,
5447,Ring of Valor,UNKNOWN,Below,1,
5473,Ring of Valor,UNKNOWN,Grate 1,1,
5474,Ring of Valor,UNKNOWN,Grate 2,1,
5213,Ahn'kahet,Portals,To Dragonblight,1,
5235,Ahn'kahet,Portals,To Dragonblight Exit,1,
5322,Ahn'kahet,World,UNNAMED,1,
5262,Vault of Archavon,Portals,To Northrend,1,
5530,Isle of Conquest,UNKNOWN,Lighthouse,1,
5535,Isle of Conquest,UNKNOWN,Horde Keep,1,
5536,Isle of Conquest,UNKNOWN,Alliance Keep,1,
5555,Isle of Conquest,UNKNOWN,Alliance Keep 2,1,
5604,Icecrown Citadel,World,Frost Queen's Lair,1,
5608,Icecrown Citadel,World,Entrance 1,1,
5609,Icecrown Citadel,World,Entrance 2,1,
5611,Icecrown Citadel,World,Light's Hammer Exit 1,1,
5612,Icecrown Citadel,World,Light's Hammer Exit 2,1,
5616,Icecrown Citadel,World,Spire to Frostwing Halls 1,1,
5617,Icecrown Citadel,World,Spire to Frostwing Halls 2,1,
5618,Icecrown Citadel,World,Spire to Frostwing Halls 3,1,
5619,Icecrown Citadel,World,Frostwing Halls 1,1,
5623,Icecrown Citadel,World,Frostwing Halls Lower,1,
5628,Icecrown Citadel,World,Rampart of Skulls 1,1,
5629,Icecrown Citadel,World,Rampart of Skulls 2,1,
5630,Icecrown Citadel,World,Rampart of Skulls 3,1,
5631,Icecrown Citadel,World,Rampart of Skulls 4,1,
5647,Icecrown Citadel,World,Putricide's Laboratory Entrance,1,
5649,Icecrown Citadel,World,Deathbringer Rise to Spire 1,1,
5668,Icecrown Citadel,Portals,To Icecrown,1,
5698,Icecrown Citadel,Portals,To Spire 1,1,
5700,Icecrown Citadel,UNKNOWN,UNNAMED,1,
5708,Icecrown Citadel,World,Crimson Hall Boss,1,
5709,Icecrown Citadel,World,Lady Deathwisper,1,
5718,Icecrown Citadel,Portals,The Spire,1,
5729,Icecrown Citadel,World,Crimson Hall Entrance,1,
5730,Icecrown Citadel,World,Deathbringer Rise to Spire 2,1,
5732,Icecrown Citadel,World,To Lord Marrowgar,1,
5736,Icecrown Citadel,World,Entrance 3,1,
5744,Icecrown Citadel,World,To the Plagueworks,1,
5745,Icecrown Citadel,World,Spire to Crimson Hall,1,
5746,Icecrown Citadel,World,Spire to Deathbringer Rise 1,1,
5747,Icecrown Citadel,World,Spire to Deathbringer Rise 2,1,
5748,Icecrown Citadel,World,Spire to Deathbringer Rise 3,1,
5749,Icecrown Citadel,World,Frostwing Halls 2,1,
5772,Icecrown Citadel,Portals,To Spire 2,1,
5642,Forge of Souls,Portals,To Icecrown,1,
5672,Forge of Souls,World,Devourer of Souls,1,
5688,Forge of Souls,Portals,To Pit of Saron,1,
5475,Trial of the Crusader,World,Endboss,1,
5508,Trial of the Crusader,Portals,To Icecrown,1,
5562,Trial of the Crusader,UNKNOWN,UNNAMED,1,
5491,Trial of the Cchampion,World,Entrance 1,1,
5492,Trial of the Cchampion,World,Entrance 2,1,
5510,Trial of the Cchampion,Portals,To Icecrown,1,
5573,Pit of Saron,World,Instance Entry,1,
5578,Pit of Saron,World,To Cave 1,1,
5579,Pit of Saron,World,To Cave 2,1,
5580,Pit of Saron,World,Gauntlet Entrance,1,
5581,Pit of Saron,World,Gauntlet Exit,1,
5582,Pit of Saron,World,Gauntlet 1,1,
5583,Pit of Saron,World,Gauntlet 2,1,
5584,Pit of Saron,World,Gauntlet 3,1,
5585,Pit of Saron,World,Gauntlet 4,1,
5586,Pit of Saron,World,Gauntlet 5,1,
5587,Pit of Saron,World,Gauntlet 6,1,
5588,Pit of Saron,World,UNNAMED,1,
5589,Pit of Saron,World,UNNAMED,1,
5593,Pit of Saron,World,UNNAMED,1,
5594,Pit of Saron,World,UNNAMED,1,
5595,Pit of Saron,World,UNNAMED,1,
5596,Pit of Saron,World,UNNAMED,1,
5597,Pit of Saron,World,UNNAMED,1,
5598,Pit of Saron,World,UNNAMED,1,
5599,Pit of Saron,World,UNNAMED,1,
5600,Pit of Saron,World,UNNAMED,1,
5601,Pit of Saron,World,UNNAMED,1,
5602,Pit of Saron,World,UNNAMED,1,
5633,Pit of Saron,World,Endboss,1,
5643,Pit of Saron,Portals,To Icecrown,1,
5683,Pit of Saron,Portals,To Halls of Reflection,1,
5570,Halls of Reflection,World,UNNAMED,1,
5605,Halls of Reflection,World,UNNAMED,1,
5632,Halls of Reflection,World,Entrance 1,1,
5646,Halls of Reflection,Portals,To Icecrown,1,
5660,Halls of Reflection,World,Entrance 3,1,
5689,Halls of Reflection,World,Entrance 2,1,
5697,Halls of Reflection,World,Frostmourne,1,
5740,Halls of Reflection,World,UNNAMED,1,
5742,Halls of Reflection,World,UNNAMED,1,
5752,Halls of Reflection,World,UNNAMED,1,
5867,Ruby Sanctum,World,Baltharus,1,
5872,Ruby Sanctum,Portals,To Dragonblight,1,
